post_id,category,sub_category
904,Gallery,30 Most Anticipated Albums of 2020
2769,Gallery,30 Most Anticipated Albums of 2020
2771,Gallery,30 Most Anticipated Albums of 2020
2773,Gallery,30 Most Anticipated Albums of 2020
2775,Gallery,30 Most Anticipated Albums of 2020
2777,Gallery,30 Most Anticipated Albums of 2020
2779,Gallery,30 Most Anticipated Albums of 2020
2781,Gallery,30 Most Anticipated Albums of 2020
2783,Gallery,30 Most Anticipated Albums of 2020
2785,Gallery,30 Most Anticipated Albums of 2020
2787,Gallery,30 Most Anticipated Albums of 2020
2789,Gallery,30 Most Anticipated Albums of 2020
2791,Gallery,30 Most Anticipated Albums of 2020
2793,Gallery,30 Most Anticipated Albums of 2020
2797,Gallery,30 Most Anticipated Albums of 2020
2799,Gallery,30 Most Anticipated Albums of 2020
2801,Gallery,30 Most Anticipated Albums of 2020
2803,Gallery,30 Most Anticipated Albums of 2020
2805,Gallery,30 Most Anticipated Albums of 2020
2807,Gallery,30 Most Anticipated Albums of 2020
2809,Gallery,30 Most Anticipated Albums of 2020
2811,Gallery,30 Most Anticipated Albums of 2020
2813,Gallery,30 Most Anticipated Albums of 2020
2815,Gallery,30 Most Anticipated Albums of 2020
2817,Gallery,30 Most Anticipated Albums of 2020
2820,Gallery,30 Most Anticipated Albums of 2020
2822,Gallery,30 Most Anticipated Albums of 2020
2824,Gallery,30 Most Anticipated Albums of 2020
2826,Gallery,30 Most Anticipated Albums of 2020
7021,Gallery,30 Most Anticipated Albums of 2020
