post_id,post_status,tags,category,sub_category
4647,publish,Funny,Gallery,These Adorable Pets are Totally the Best WFH Coworkers Ever
4649,publish,Funny,Gallery,These Adorable Pets are Totally the Best WFH Coworkers Ever
4651,publish,Funny,Gallery,These Adorable Pets are Totally the Best WFH Coworkers Ever
4653,publish,Funny,Gallery,These Adorable Pets are Totally the Best WFH Coworkers Ever
4655,publish,Funny,Gallery,These Adorable Pets are Totally the Best WFH Coworkers Ever
4657,publish,Funny,Gallery,These Adorable Pets are Totally the Best WFH Coworkers Ever
4659,publish,Funny,Gallery,These Adorable Pets are Totally the Best WFH Coworkers Ever
4661,publish,Funny,Gallery,These Adorable Pets are Totally the Best WFH Coworkers Ever
4663,publish,Funny,Gallery,These Adorable Pets are Totally the Best WFH Coworkers Ever
4665,publish,Funny,Gallery,These Adorable Pets are Totally the Best WFH Coworkers Ever
4667,publish,Funny,Gallery,These Adorable Pets are Totally the Best WFH Coworkers Ever
4669,publish,Funny,Gallery,These Adorable Pets are Totally the Best WFH Coworkers Ever
4671,publish,Funny,Gallery,These Adorable Pets are Totally the Best WFH Coworkers Ever
4673,publish,Funny,Gallery,These Adorable Pets are Totally the Best WFH Coworkers Ever
4675,publish,Funny,Gallery,These Adorable Pets are Totally the Best WFH Coworkers Ever
4677,publish,Funny,Gallery,These Adorable Pets are Totally the Best WFH Coworkers Ever
4679,publish,Funny,Gallery,These Adorable Pets are Totally the Best WFH Coworkers Ever
4681,publish,Funny,Gallery,These Adorable Pets are Totally the Best WFH Coworkers Ever
4683,publish,Funny,Gallery,These Adorable Pets are Totally the Best WFH Coworkers Ever
4685,publish,Funny,Gallery,These Adorable Pets are Totally the Best WFH Coworkers Ever
4687,publish,Funny,Gallery,These Adorable Pets are Totally the Best WFH Coworkers Ever
4689,publish,Funny,Gallery,These Adorable Pets are Totally the Best WFH Coworkers Ever
4691,publish,Funny,Gallery,These Adorable Pets are Totally the Best WFH Coworkers Ever
4693,publish,Funny,Gallery,These Adorable Pets are Totally the Best WFH Coworkers Ever
4695,publish,Funny,Gallery,These Adorable Pets are Totally the Best WFH Coworkers Ever
4697,publish,Funny,Gallery,These Adorable Pets are Totally the Best WFH Coworkers Ever
4699,publish,Funny,Gallery,These Adorable Pets are Totally the Best WFH Coworkers Ever
4701,publish,Funny,Gallery,These Adorable Pets are Totally the Best WFH Coworkers Ever
4703,publish,Funny,Gallery,These Adorable Pets are Totally the Best WFH Coworkers Ever
4705,publish,Funny,Gallery,These Adorable Pets are Totally the Best WFH Coworkers Ever
4707,publish,Funny,Gallery,These Adorable Pets are Totally the Best WFH Coworkers Ever
4709,publish,Funny,Gallery,These Adorable Pets are Totally the Best WFH Coworkers Ever
